title,company,location,link
Backend Developer,SCALARA GmbH,"Cologne, Germany",https://stackoverflow.com/jobs/427675
"Senior Software Engineer (Javascript/Typescript, React/Redux,Node)",Even Financial,"New York, NY",https://stackoverflow.com/jobs/460779
Front-end Engineer【Full-Remote work in Japan】,PayPay Corporation.,"Minato City, Japan",https://stackoverflow.com/jobs/292635
Full Stack Developer,Trax Retail Ltd,"Budapest, Hungary",https://stackoverflow.com/jobs/451943
(Senior) Backend Software Engineer (Node.js) (m/f/d),Limehome GmbH,"München, Germany",https://stackoverflow.com/jobs/424355
(Senior) Full-Stack Software Engineer (m/f/d),Electry,"Berlin, Germany",https://stackoverflow.com/jobs/450785
Senior Full-Stack Developer TypeScript / JavaScript (m/f/d),snapADDY GmbH,"Würzburg, Germany",https://stackoverflow.com/jobs/367171
Senior Backend Engineer Who Loves Typescript,Well Health Inc.,"Santa Barbara, CA",https://stackoverflow.com/jobs/470542
Senior Full Stack Software Engineer,Intelage,No office location,https://stackoverflow.com/jobs/458742
Director of Software Engineering,Intelage,No office location,https://stackoverflow.com/jobs/458649
Senior Software Developer,Saturna Capital Corporation,"Bellingham, WA",https://stackoverflow.com/jobs/435452
Senior Fullstack JavaScript Engineer (m/f/x),ottonova,"München, Deutschland",https://stackoverflow.com/jobs/458470
Software Engineer,"LIBERA, INC.",No office location,https://stackoverflow.com/jobs/469386
Software Engineer - Windows Platform,Neo4j,"Malmö, Sweden",https://stackoverflow.com/jobs/467715
Full Stack Engineer,Beatrust Inc.,"Minato City, Japan",https://stackoverflow.com/jobs/429319
Senior Full Stack Developer,Trax Retail Ltd,"Tel Aviv-Yafo, Israel",https://stackoverflow.com/jobs/456000
Software Engineer,Homee,"Cincinnati, OH",https://stackoverflow.com/jobs/361272
Fullstack-Software Developer (m/w/d),DriveCon GmbH,"Würzburg, Deutschland",https://stackoverflow.com/jobs/388812
Lead Designer,Beatrust Inc.,"Minato City, Japan",https://stackoverflow.com/jobs/429550
Node.js Backend Engineer (m/f/d),lengoo,"Berlin, Germany",https://stackoverflow.com/jobs/429674
Backend Developer (m/f/d),CheMondis GmbH,"Köln, Deutschland",https://stackoverflow.com/jobs/463437
Backend Engineer (m/f/d),MobiLab Solutions,"Köln, Germany",https://stackoverflow.com/jobs/424232
Senior Cloud / Backend Developer,umlaut,"Aachen, Deutschland",https://stackoverflow.com/jobs/463913
Senior Software Engineer Backend Python (m/f/d),BASF,"Köln, Deutschland",https://stackoverflow.com/jobs/466263
Backend Developer,best it GmbH & Co. KG,"Velen, Deutschland",https://stackoverflow.com/jobs/365056
